ingredient,category
AMMONIUM BICARBONATE,Additives
Acetic Acid,Additives
Acid,Additives
Alpha Lipoic Acid,Additives
Ascorbic Acid,Additives
BENZOATE,Additives
Benzoic Acid,Additives
CACIUM CHLORIDE,Additives
CALCIUM CARBONATE,Additives
CALCIUM CHLORIDE,Additives
CALCIUM SULFATE,Additives
CHLORIDE,Additives
Calcium Citrate,Additives
Citric Acid,Additives
Dicalcium Phosphate,Additives
Ethylene Diamine Tetraacetic Acid,Additives
Fumaric Acid,Additives
Glutamic Acid,Additives
Lactic Acid,Additives
MAGNESIUM CHLORIDE,Additives
METABISULFITE,Additives
Magnesium Citrate,Additives
Malic Acid,Additives
Monocalcium Phosphate,Additives
Oxalic Acid,Additives
PHOSPHATE,Additives
POTASSIUM BICARBONATE,Additives
POTASSIUM CARBONATE,Additives
POTASSIUM CARBONATE,Additives
POTASSIUM CHLORIDE,Additives
POTASSIUM META BISULFATE,Additives
POTASSIUM METABISULFITE,Additives
Phosphoric Acid,Additives
Potassium Citrate,Additives
Potassium Sorbate,Additives
Propionic Acid,Additives
SODIUM BENZOATE,Additives
SODIUM BICARBONATE,Additives
SODIUM BISULFITE,Additives
SODIUM CITRATE,Additives
SODIUM METABISULFITE,Additives
SODIUM NITRITE,Additives
SODIUM SULFATE,Additives
SODIUM SULFITE,Additives
SULFITE,Additives
Sodium Sorbate,Additives
Sorbic Acid,Additives
Tartaric Acid,Additives
ZINC CHLORIDE,Additives
dipotassium phosphate,Additives
tricalcium phosphate,Additives
ANNATTO,Colors
CHEESE COLOR,Colors
Caramel,Colors
Amylase,Enzymes
Lipase,Enzymes
MUCOR MIEHEI PROTEASE,Enzymes
Protease,Enzymes
enzyme,Enzymes
microbial enzyme,Enzymes
Almond Flavor,Flavors
Apple Flavor,Flavors
Apricot Flavor,Flavors
BBQ Flavor,Flavors
Bacon Flavor,Flavors
Banana Flavor,Flavors
Basil Flavor,Flavors
Black Pepper Flavor,Flavors
Blackcurrant Flavor,Flavors
Blood Orange Flavor,Flavors
Blueberry Flavor,Flavors
Brown Sugar Flavor,Flavors
Bubblegum Flavor,Flavors
Butterscotch Flavor,Flavors
Candy Cane Flavor,Flavors
Caramel Flavor,Flavors
Cashew Flavor,Flavors
Chai Flavor,Flavors
Chamomile Flavor,Flavors
Cheese Flavor,Flavors
Cheesecake Flavor,Flavors
Cherry Flavor,Flavors
Chestnut Flavor,Flavors
Chili Pepper Flavor,Flavors
Chocolate Flavor,Flavors
Cilantro Flavor,Flavors
Cinnamon Sugar Flavor,Flavors
Clove Flavor,Flavors
Coconut Flavor,Flavors
Coffee Flavor,Flavors
Cola Flavor,Flavors
Cookie Dough Flavor,Flavors
Cotton Candy Flavor,Flavors
Curry Flavor,Flavors
Elderflower Flavor,Flavors
Espresso Flavor,Flavors
Eucalyptus Flavor,Flavors
Fig Flavor,Flavors
Flavor,Flavors
Garlic Flavor,Flavors
Ginger Flavor,Flavors
Ginseng Flavor,Flavors
Grape Flavor,Flavors
Grapefruit Flavor,Flavors
Green Tea Flavor,Flavors
Guava Flavor,Flavors
Gummy Bear Flavor,Flavors
Hazelnut Flavor,Flavors
Hemp Flavor,Flavors
Hibiscus Flavor,Flavors
Honey Flavor,Flavors
Ice Cream Flavor,Flavors
Jalapeno Flavor,Flavors
Jasmine Flavor,Flavors
Kiwi Flavor,Flavors
Latte Flavor,Flavors
Lavender Flavor,Flavors
Lemon Flavor,Flavors
Lemonade Flavor,Flavors
Lime Flavor,Flavors
Luo Han Guo (Monk Fruit) Extract,Flavors
Lychee Flavor,Flavors
Macadamia Nut Flavor,Flavors
Mango Flavor,Flavors
Maple Flavor,Flavors
Margarita Flavor,Flavors
Marshmallow Flavor,Flavors
Matcha Flavor,Flavors
Melon Flavor,Flavors
Milk Chocolate Flavor,Flavors
Mint Flavor,Flavors
Mocha Flavor,Flavors
Moringa Flavor,Flavors
Nutmeg Flavor,Flavors
Onion Flavor,Flavors
Orange Blossom Flavor,Flavors
Orange Flavor,Flavors
Oregano Flavor,Flavors
Papaya Flavor,Flavors
Passionfruit Flavor,Flavors
Peach Flavor,Flavors
Peanut Flavor,Flavors
Pear Flavor,Flavors
Pecan Flavor,Flavors
Peppermint Flavor,Flavors
Pineapple Flavor,Flavors
Pistachio Flavor,Flavors
Piña Colada Flavor,Flavors
Pomegranate Flavor,Flavors
Raspberry Flavor,Flavors
Red Velvet Flavor,Flavors
Root Beer Flavor,Flavors
Rose Flavor,Flavors
Sage Flavor,Flavors
Spearmint Flavor,Flavors
Spirulina Flavor,Flavors
Strawberry Flavor,Flavors
Tangerine Flavor,Flavors
Thyme Flavor,Flavors
Toffee Flavor,Flavors
Tomato Flavor,Flavors
Violet Flavor,Flavors
Walnut Flavor,Flavors
Watermelon Flavor,Flavors
artificial flavor,Flavors
cinnamon flavor,Flavors
extract,Flavors
lion's mane extract,Flavors
monk fruit extract,Flavors
natural cinnamon flavor,Flavors
natural flavor,Flavors
natural rosemary flavor,Flavors
natural vanilla flavor,Flavors
rosemary extract,Flavors
rosemary flavor,Flavors
stevia leaf extract,Flavors
turmeric extract,Flavors
vanilla extract,Flavors
vanilla flavor,Flavors
"""Cocoa , alkali processed""",General
ACESULFAME POTASSIUM,General
AGAVE,General
ALCOHOL,General
ANIMAL RENNET,General
ANNATO,General
ARTIFICIAL,General
ASTAXANTHIN,General
Acesulfame-K,General
Advantame,General
Alitame,General
Alkalized cocoa,General
Aspartame,General
BACILLUS COAGULANS GBI-30,General
BAKING POWDER,General
BETA CAROTENE,General
BETA-CAROTENE,General
BLANCHED,General
BLUE AGAVE,General
Black cocoa (processed with alkali),General
Blackstrap Molasses,General
Blanched almond,General
Bromelain,General
Butylated Hydroxyanisole,General
Butylated Hydroxytoluene,General
CALCIUM ASCORBATE,General
CALCIUM DISODIUM EDTA,General
CALCIUM SILICATE,General
CALCIUM STEARATE,General
CARBONMONOXIDE,General
CO-TREATED,General
COLLAGEN CASING,General
Cacao Butter,General
Calcium Lactate,General
Calcium Propionate,General
Cane Juice Crystals,General
Carbon Monoxide,General
Carbon-Monoxide,General
Cocoa (Processed with alkali),General
Cocoa Processed with Alkali,General
Cyclamate,General
DECAFFEINATED BLACK TEA,General
DECAFFEINATED GREEN TEA,General
DEXTRIN,General
DISODIUM EDTA,General
DISTILLED VINEGAR,General
DURUM WHEAT SEMOLINA,General
Diastatic Malt,General
Dutch-processed cocoa,General
EDTA,General
ENRICHED,General
ETHYL ALCOHOL,General
Einkorn,General
Einkorn,General
Enriched Semolina,General
Expller pressed,General
Expller pressed,General
FEROUS GLUCONATE,General
FERROUS GLU CONATE,General
FERROUS GLUCONATE,General
FERROUS GLUCONATE,General
FOOD-GRADE PLASTICIZER,General
FOS (Fructooligosaccharides),General
GANEDENBC30,General
GELLING AGENT (E418),General
GEOTRICHUM CANDIDUM,General
GLUCONO-DELTA-LACTONE,General
Galactose,General
Glycerin,General
Glycerol,General
HFCS,General
HSH,General
Hydrogenated Starch Hydrolysates,General
IMAZALIL,General
IODIZED SALT,General
Isomalt,General
Jaggery,General
LEAVENING,General
LEAVENING agent,General
LYSOZYME,General
Lactitol,General
Lactose,General
MALTODEXTRIN,General
MICROBIAL RENNET,General
MICROCRYSTALLINE CELLULOSE,General
MONOSODIUM GLUTAMATE,General
MSG,General
Magnesium Stearate,General
Maltitol,General
Mannitol,General
Mirin,General
Modified,General
Molasses,General
Mono- and Diglycerides,General
NATAMYCIN,General
NATURAL FLAVORING,General
NATURAL WOOD SMOKE,General
NISIN,General
Neotame,General
ORGANIC ROLLED OATS,General
ORGANIC STEEL CUT OATS,General
P. CAMEMBERTI,General
PANAFERD,General
POLYOXYETHYLENE SORBITAN MONOSTERATE,General
POLYSORBATE 60,General
PORK LARD,General
POTASSIUM HYDROGEN SULPHITE,General
POTASSIUM LACTATE,General
POTASSIUM METABISULPHITE,General
PROCESSED WITH ALKALI,General
Panela,General
Papain,General
Pearled Farro,General
Pekmez,General
Penicillium camemberti,General
Polysorbate 20,General
Polysorbate 80,General
Polysorbates,General
Pork ham,General
REDUCED IRON,General
RENNET,General
RIND,General
Refined olive oils and virgin olive oils,General
Riboflavin,General
SEMOLINA,General
SHORTENING,General
SILICON DIOXIDE,General
SMOKE,General
SMOKED,General
SODIUM BISUFITE,General
SODIUM CARBOXY METHYL CELLULOSE,General
SODIUM CARBOXY METHYLCELLULOSE,General
SODIUM METABISULPHITE,General
SODIUM ORTHOPHENYL PHENATE,General
SODIUM PHOLUFITE,General
SODIUM SILICOALUMINATE,General
SORBITAN MONOSTEARATE,General
SUCRALOSE,General
SULPHER DIOXIDE,General
SULPHUR DIOXIDE,General
SULPHURE DIOXIDE,General
Saccharin,General
Shea butter,General
Silan,General
Sodium Ascorbate,General
Sodium Caseinate,General
Sodium Erythorbate,General
Sodium Lactate,General
Sodium Stearoyl Lactylate,General
Sorbates,General
Sorbitol,General
Stevia Leaf Reb A,General
Stevia Leaf Reb M,General
Sulfites,General
Sulfur Dioxide,General
TAPIOCA MALTODEXTRIN,General
THIABENDAZOLE,General
Tagatose,General
Tocopherols,General
Trehalose,General
VEGETABLE RENNET,General
VITAMIN A PALMITATE,General
VITAMIN D3,General
Vitamin A acetate,General
Whole Wheat Bulgur (Whole Durum Wheat),General
XANTHAN,General
YELLOW PRUSSIATE OF SODA,General
almond blanched,General
artificial flavoring,General
baking soda,General
bourbon,General
bulgur,General
chocolate,General
cocoa butter,General
dextrins,General
dextrins,General
erythritol,General
farro,General
fiber,General
fortified,General
inulin,General
lecithin,General
milk chocolate,General
monk fruit,General
protein blend,General
sunflower lecithin,General
topioca,General
topioca,General
unsweetend chocolate,General
vanilla,General
vegetable glycerin,General
vegetable glycerine,General
vitamin D,General
vitamin E,General
vitamin c,General
vitamin c (ascorbic acid),General
white vinegar,General
xylitol,General
﻿NoGo Ingredients,General
ARBORIO RICE,Grains
BARLEY,Grains
BASMATI RICE,Grains
CORN,Grains
CRACKED WHEAT,Grains
Enriched Barley,Grains
Enriched Rice,Grains
HARD AMBER DURUM WHEAT,Grains
HARD RED WHEAT,Grains
JASMINE RICE,Grains
KASMATI RICE,Grains
LONG GRAIN GRICE,Grains
ORGANIC BARLEY,Grains
PARBOILED RICE,Grains
PRECOOKED JASMINE RICE,Grains
ROASTED RICE,Grains
SHORT GRAIN RICE,Grains
SPELT,Grains
WHITE BASMATI RICE,Grains
WHITE CORN,Grains
WHITE MEDIUM GRAIN RICE,Grains
YELLOW CORN,Grains
degerminated corn,Grains
jasmati rice,Grains
long grain rice,Grains
rice,Grains
rye,Grains
wheat,Grains
white rice,Grains
Guar Gum,Gums
XANTHAN GUM,Gums
carrageenan,Gums
fruit pectin,Gums
pectin,Gums
Abiu juice,Juices
Acerola juice,Juices
Ackee juice,Juices
African Breadfruit juice,Juices
African Cherry Orange juice,Juices
African Cucumber juice,Juices
African Mango juice,Juices
Akebi juice,Juices
Alexandria Strawberry juice,Juices
Alpine Strawberry juice,Juices
Amanatsu Orange juice,Juices
Amaou Strawberry juice,Juices
Amara juice,Juices
Ambarella juice,Juices
Ambrosia Apple juice,Juices
Ambrosia Melon juice,Juices
American Mayapple juice,Juices
Amla juice,Juices
Annatto juice,Juices
Annona juice,Juices
Apple juice,Juices
Appleberry juice,Juices
Apricot juice,Juices
Aprium juice,Juices
Araca-Boi juice,Juices
Arava Melon juice,Juices
Araza juice,Juices
Aronia juice,Juices
Asam Kumbang juice,Juices
Asian Pear juice,Juices
Atemoya juice,Juices
Avocado juice,Juices
Açaí juice,Juices
Babaco juice,Juices
Bacuri Fruit juice,Juices
Bael juice,Juices
Banana juice,Juices
Barbadine juice,Juices
Barbados Cherry juice,Juices
Barberry juice,Juices
Batuan juice,Juices
Beach Plum juice,Juices
Bearberry juice,Juices
Bignay juice,Juices
Bilberry juice,Juices
Bilimbi juice,Juices
Biriba juice,Juices
Bitter Gourd juice,Juices
Bitter Melon juice,Juices
Black Apple juice,Juices
Black Cherry juice,Juices
Black Currant juice,Juices
Black Mulberry juice,Juices
Black Raspberry juice,Juices
Black Sapote juice,Juices
Blackberry juice,Juices
Blackcurrant juice,Juices
Blood Lime juice,Juices
Blood Orange juice,Juices
Blue Passionfruit juice,Juices
Blueberry juice,Juices
Bolivian Mountain Coconut juice,Juices
Bottle Gourd juice,Juices
Boysenberry juice,Juices
Bramble juice,Juices
Brazilian Guava juice,Juices
Bread Fruit juice,Juices
Breadfruit juice,Juices
Brush Cherry juice,Juices
Buddha Apple juice,Juices
Buddha’s Hand juice,Juices
Burdekin Plum juice,Juices
Bushel and Berry ‘Jelly Bean’ Blueberry juice,Juices
Butter Fruit juice,Juices
CANE JUICE,Juices
Cacao juice,Juices
Cactus Pear juice,Juices
Calabash juice,Juices
Calamansi juice,Juices
Calamondin juice,Juices
Camu Camu juice,Juices
Canistel juice,Juices
Cantaloupe juice,Juices
Cape Gooseberry juice,Juices
Cara Cara juice,Juices
Carambola juice,Juices
Carissa juice,Juices
Cascara juice,Juices
Cashew Apple juice,Juices
Catmon juice,Juices
Caviar Lime juice,Juices
Cawesh juice,Juices
Cedar Bay Cherry juice,Juices
Cempedak juice,Juices
Ceylon Gooseberry juice,Juices
Changunga juice,Juices
Charichuelo juice,Juices
Chayote juice,Juices
Cherimoya juice,Juices
Cherry Plum juice,Juices
Cherry juice,Juices
Chico Fruit juice,Juices
Chocolate-Fruit juice,Juices
Chokeberry juice,Juices
Chokecherry juice,Juices
Citrofortunella juice,Juices
Citron juice,Juices
Clementine juice,Juices
Cloudberry juice,Juices
Cluster Fig juice,Juices
Cocky Apple juice,Juices
Coco De Mer juice,Juices
Coco Plum  juice,Juices
Coco Plum juice,Juices
Coconut juice,Juices
Coffee Cherry juice,Juices
Coffee Fruit juice,Juices
Colonnade ‘Maypole’ Apple juice,Juices
Common Apple Berry juice,Juices
Conkerberry juice,Juices
Cornelian Cherry juice,Juices
Crab Apple juice,Juices
Craisin juice,Juices
Cranberry juice,Juices
Crowberry juice,Juices
Cucumber juice,Juices
Cumquat juice,Juices
Cupuacu juice,Juices
Currant juice,Juices
Custard Apple juice,Juices
Dabai Fruit juice,Juices
Damson Plum juice,Juices
Damson juice,Juices
Dangle Berry juice,Juices
Darling Plum juice,Juices
Date Plum juice,Juices
Date juice,Juices
Davidson’s Plum juice,Juices
Dead Man’s Fingers juice,Juices
Decaisnea juice,Juices
Dekopon juice,Juices
Desert Banana juice,Juices
Desert Fig juice,Juices
Desert King Fig juice,Juices
Desert Lime juice,Juices
Desert Quandong juice,Juices
Dewberry juice,Juices
Discovery Apple juice,Juices
Dodder-Laurel juice,Juices
Double Coconut juice,Juices
Dracontomelon juice,Juices
Dragon Fruit juice,Juices
Duku Fruit juice,Juices
Durian juice,Juices
Early Girl Tomato juice,Juices
Early Gold Mango juice,Juices
Eastern Hawthorn juice,Juices
Egg Fruit juice,Juices
Eggplant juice,Juices
Elands Sour Fig juice,Juices
Elderberry juice,Juices
Elephant Apple juice,Juices
Emblica juice,Juices
Emu Apple juice,Juices
Emu Berry juice,Juices
Entawak juice,Juices
Enterprise Apple juice,Juices
Etrog juice,Juices
European Pear juice,Juices
Evaporated Cane Juice,Juices
Evergreen Huckleberry juice,Juices
Fairchild Tangerine juice,Juices
Falkland Island Cranberry juice,Juices
Falmouth Gooseberry juice,Juices
False Mastic juice,Juices
Farkleberry juice,Juices
Fascell Mango juice,Juices
Fazli Mango juice,Juices
Feijoa juice,Juices
Fe’i Banana juice,Juices
Fibrous Satinash juice,Juices
Fig juice,Juices
Filbert juice,Juices
Finger Lime juice,Juices
Fingered Citron juice,Juices
Five Flavor Berry juice,Juices
Flatwoods Plum juice,Juices
Flavorfest Strawberry juice,Juices
Florentine Citron juice,Juices
Florida Cherry juice,Juices
Florida Strangler Fig juice,Juices
Forest Strawberry juice,Juices
Fox Grape juice,Juices
Fuji Apple juice,Juices
Fukushu Kumquat juice,Juices
Fuyu Persimmon juice,Juices
Fuzzy Pear juice,Juices
Gac Fruit juice,Juices
Gala Apple juice,Juices
Galia Melon juice,Juices
Gamboge juice,Juices
Genip juice,Juices
Giant Granadilla juice,Juices
Goji Berry juice,Juices
Golden Apple juice,Juices
Golden Kiwi juice,Juices
Golden Raisins juice,Juices
Gooseberry juice,Juices
Gorham Pear juice,Juices
Goumi juice,Juices
Governor’s Plum juice,Juices
Granadilla juice,Juices
Grand Nain Banana juice,Juices
Grape juice,Juices
Grapefruit juice,Juices
Grecian Fig juice,Juices
Greek Fig juice,Juices
Green Anjou Pear juice,Juices
Green Apple juice,Juices
Greengage juice,Juices
Grenadier juice,Juices
Grewia Asiatica juice,Juices
Ground Plum juice,Juices
Groundcherry juice,Juices
Grumichama juice,Juices
Grumolo juice,Juices
Guanábana juice,Juices
Guarana juice,Juices
Guava juice,Juices
Guavaberry juice,Juices
Hackberry juice,Juices
Hala Fruit juice,Juices
Hardy Kiwi juice,Juices
Haskap juice,Juices
Hawaiian Mountain Apple juice,Juices
Hawthorn Berry juice,Juices
Hebesu juice,Juices
Heirloom Tomato juice,Juices
Highbush Blueberry juice,Juices
Highbush Cranberry juice,Juices
Himalayan Mulberry juice,Juices
Hog Plum juice,Juices
Honey Crisp Apple juice,Juices
Honey Locust juice,Juices
Honeyberry juice,Juices
Honeydew Melon juice,Juices
Honeydew juice,Juices
Honeysuckle juice,Juices
Horned Melon juice,Juices
Huckleberry juice,Juices
Huito juice,Juices
Husk Tomato juice,Juices
Hyuganatsu juice,Juices
Iboga juice,Juices
Icacina juice,Juices
Icaco juice,Juices
Ice Apple juice,Juices
Ice Cream Bean juice,Juices
Ichigo juice,Juices
Ilama juice,Juices
Illawarra Plum juice,Juices
Imbe juice,Juices
Incaberry juice,Juices
Indian Almond juice,Juices
Indian Gooseberry juice,Juices
Indian Jujube juice,Juices
Indian Persimmon juice,Juices
Indian Plum juice,Juices
Indian Prune juice,Juices
Indian Sherbet Berry juice,Juices
Indonesian Lime juice,Juices
Ita Palm juice,Juices
Jaboticaba juice,Juices
Jackfruit juice,Juices
Jamaican Tangelo juice,Juices
Jambolan juice,Juices
Jambul juice,Juices
Japanese Plum juice,Juices
Jatoba juice,Juices
Java Apple juice,Juices
Jazz Apple juice,Juices
Jelly Palm juice,Juices
Jocote juice,Juices
Joel Bush Cherry juice,Juices
Jostaberry juice,Juices
Jujube juice,Juices
June Plum juice,Juices
Junglesop juice,Juices
Juniper Berry juice,Juices
Just in: Over 1500 new arrivals. juice,Juices
Kabosu juice,Juices
Kaffir Lime juice,Juices
Kakadu Plum juice,Juices
Kaki juice,Juices
Kantola juice,Juices
Kanzi Apple juice,Juices
Kapok juice,Juices
Karkalla juice,Juices
Karonda juice,Juices
Kaywa juice,Juices
Kei Apple juice,Juices
Keitt Mango juice,Juices
Kepel juice,Juices
Keule juice,Juices
Key Lime juice,Juices
Kiwano juice,Juices
Kiwi juice,Juices
Knobby Russet Apple juice,Juices
Korean Pear juice,Juices
Korlan juice,Juices
Koroi juice,Juices
Kumquat juice,Juices
Kutjera juice,Juices
Kwai Muk juice,Juices
Kyoho Grape juice,Juices
Lablab Fruit juice,Juices
Lancetilla Mango juice,Juices
Langra Mango juice,Juices
Langsat juice,Juices
Le Conte Pear juice,Juices
Learn More juice,Juices
Lebanese Wild Apple juice,Juices
Lemon Aspen Fruit juice,Juices
Lemon Drop Mangosteen juice,Juices
Lemon Drop Melon juice,Juices
Lemon juice,Juices
Lemonade Berry juice,Juices
Liberty Apple juice,Juices
Lilly Pilly juice,Juices
Lime juice,Juices
Limeberry juice,Juices
Limequat juice,Juices
Lingonberry juice,Juices
Little Gooseberry juice,Juices
Loganberry juice,Juices
Longan juice,Juices
Long‑peduncled Almond juice,Juices
Loquat juice,Juices
Lovi-Lovi juice,Juices
Low Juneberry juice,Juices
Low Serviceberry juice,Juices
Lulo juice,Juices
Luóhàn Guǒ juice,Juices
Lychee juice,Juices
Lúcuma juice,Juices
Magellan Barberry juice,Juices
Malabar Plum juice,Juices
Malay Rose Apple juice,Juices
Malus Sieversii juice,Juices
Mamey Apple juice,Juices
Mamey Sapote juice,Juices
Mamey juice,Juices
Mamin Chino juice,Juices
Manchurian Apricot juice,Juices
Manchurian Cherry juice,Juices
Manchurian Crab Apple juice,Juices
Mandarine juice,Juices
Mangifera Indica juice,Juices
Mango juice,Juices
Mangosteen juice,Juices
Manilkara Elata juice,Juices
Maqui juice,Juices
Marionberry juice,Juices
Marula juice,Juices
Mayhaw juice,Juices
Maypop juice,Juices
Medlar juice,Juices
Melon juice,Juices
Mexican Pitahaya juice,Juices
Mexican Plum juice,Juices
Midgen Berry juice,Juices
Mimusops Elengi juice,Juices
Minneola Tangelo juice,Juices
Miracle Fruit juice,Juices
Miyama Cherry juice,Juices
Mombin juice,Juices
Momordica Fruit juice,Juices
Moriche Palm Fruit juice,Juices
Moro Blood Orange juice,Juices
Morus juice,Juices
Mountain Serviceberry juice,Juices
Mouse Melon juice,Juices
Mulberry juice,Juices
Muntingia Calabura juice,Juices
Murraya Fruit juice,Juices
Murray’s Plum juice,Juices
Musa Ingens juice,Juices
Muscadine Grape juice,Juices
Muskmelon juice,Juices
Myers Plum juice,Juices
Naartjie juice,Juices
Nagami Kumquat juice,Juices
Nageia juice,Juices
Nam Dok Mai juice,Juices
Nance juice,Juices
Naples Fig juice,Juices
Naranjilla juice,Juices
Narenj juice,Juices
Nashi Pear juice,Juices
Natal Plum juice,Juices
Naval Orange juice,Juices
Nectacot juice,Juices
Nectarine juice,Juices
Neem juice,Juices
Nepali Hog Plum juice,Juices
Nere Fruit juice,Juices
Neroli juice,Juices
New For The Holidays juice,Juices
Newton Pippin Apple juice,Juices
Nocera Grape juice,Juices
Noni juice,Juices
Nopal Fruit juice,Juices
Northern Spy Apple juice,Juices
Nungu juice,Juices
Oeillade Noire Grape juice,Juices
Ogallala Strawberry juice,Juices
Ogden Melon juice,Juices
Ogeechee Lime juice,Juices
Oil Palm juice,Juices
Okra juice,Juices
Okuzgozu Grape juice,Juices
Olallieberry juice,Juices
Olive juice,Juices
Opal Apple juice,Juices
Opal Plum juice,Juices
Opo Squash juice,Juices
Opuntia juice,Juices
Orange juice,Juices
Orangelo juice,Juices
Oregon Grape juice,Juices
Orient Melon juice,Juices
Orient Pear juice,Juices
Oriental Cherry juice,Juices
Orin Apple juice,Juices
Orlando Tangelo juice,Juices
Oroblanco juice,Juices
Ortanique juice,Juices
Osage Orange juice,Juices
Oso Grande Strawberry juice,Juices
Osteen Mango juice,Juices
Otaheite Apple juice,Juices
Otaheite Gooseberry juice,Juices
Oullins Gage Plum juice,Juices
Oval Kumquat juice,Juices
Ozark Beauty Strawberry juice,Juices
Ozark Gold Apple juice,Juices
O’Henry Peach juice,Juices
PF Lucky 13 Flamin’ Fury Peach juice,Juices
Pacific Rose Apple juice,Juices
Palestinian Sweet Lime juice,Juices
Papaya juice,Juices
Parsonage Pear juice,Juices
Passionfruit juice,Juices
Pawpaw juice,Juices
Peach Palm Fruit juice,Juices
Peach juice,Juices
Peanut Butter Fruit juice,Juices
Pear juice,Juices
Pepino Melon juice,Juices
Pequi juice,Juices
Persian Lime juice,Juices
Persimmon juice,Juices
Peruvian Groundcherry juice,Juices
Petit Manseng Grape juice,Juices
Petit Rouge Grape juice,Juices
Peumo juice,Juices
Physalis juice,Juices
Pickering Mango juice,Juices
Picual Olive juice,Juices
Pigeon Pea juice,Juices
Pigeon Plum juice,Juices
Pigface Fruit juice,Juices
Pineapple juice,Juices
Pineberry juice,Juices
Pink Banana juice,Juices
Pink Lady Apple juice,Juices
Pink Lemonade Blueberry juice,Juices
Pink Pearl Apple juice,Juices
Pinot Noir Grape juice,Juices
Pinova Apple juice,Juices
Pitaya juice,Juices
Plantain juice,Juices
Plum juice,Juices
Plumcot juice,Juices
Pluot juice,Juices
Pomato Fruit juice,Juices
Pomegranate juice,Juices
Pomelo juice,Juices
Ponderosa Lemon juice,Juices
Ponkan Fruit juice,Juices
Poorman Orange juice,Juices
Pottery Barn juice,Juices
Prickly Pear juice,Juices
Prime Ark Freedom Blackberry juice,Juices
Prune juice,Juices
Pulasan juice,Juices
Pummelo juice,Juices
Purple Mangosteen juice,Juices
Quandong juice,Juices
Quararibea Cordata juice,Juices
Queen Anne’s Cherry juice,Juices
Queen Tahiti Pineapple juice,Juices
Queen’s Forelle Pear juice,Juices
Quenepa juice,Juices
Querina Apple juice,Juices
Quinault Strawberry juice,Juices
Quince juice,Juices
Raisin juice,Juices
Rajka Apple juice,Juices
Rambai juice,Juices
Rambutan juice,Juices
Ramontchi juice,Juices
Rangpur Lime juice,Juices
Raspberry juice,Juices
Raspuri Mango juice,Juices
Rata juice,Juices
Red Banana juice,Juices
Red Bayberry juice,Juices
Red Delicious Apple juice,Juices
Red Grape juice,Juices
Red Huckleberry juice,Juices
Red Mombin juice,Juices
Red Mulberry juice,Juices
Redcurrant juice,Juices
Rhobs El Arsa juice,Juices
Rhubarb juice,Juices
Riberry juice,Juices
Rocha Pear juice,Juices
Rockmelon juice,Juices
Rollinia juice,Juices
Rombo juice,Juices
Rose Apple juice,Juices
Rose Hip juice,Juices
Roselle juice,Juices
Rosigold Mango juice,Juices
Rough Lemon juice,Juices
Rubus Parviflorus juice,Juices
Rumdul juice,Juices
Safou juice,Juices
Saigon Mango juice,Juices
Salak  juice,Juices
Salak juice,Juices
Salal Berry juice,Juices
Salal juice,Juices
Salmonberry juice,Juices
Sand Cherry juice,Juices
Santol juice,Juices
Sapodilla juice,Juices
Sapote juice,Juices
Sarvisberry juice,Juices
Sassafras juice,Juices
Satsuma juice,Juices
Sea Buckthorn juice,Juices
Seagrape juice,Juices
Serviceberry juice,Juices
Seville Orange juice,Juices
Sharon  juice,Juices
Sharon juice,Juices
Shine Muscat juice,Juices
Shonan Gold juice,Juices
Silky Oak Apple juice,Juices
Sloe juice,Juices
Snake Fruit juice,Juices
Soncoya  juice,Juices
Soncoya juice,Juices
Sour Cherry juice,Juices
Soursop juice,Juices
Spanish Lime juice,Juices
Spanish Tamarind juice,Juices
Splendor Apple juice,Juices
Sponsored By Pottery Barn juice,Juices
Star Apple juice,Juices
Starfruit juice,Juices
Stinking Bishop Pear juice,Juices
Strawberry Guava juice,Juices
Strawberry juice,Juices
Sugar Apple juice,Juices
Sugar Baby Watermelon  juice,Juices
Sugar Baby Watermelon juice,Juices
Sugar Palm juice,Juices
Sultana juice,Juices
Sumo Orange juice,Juices
Sunda Plum juice,Juices
Surinam Cherry juice,Juices
Sweet Dakota Rose Watermelon juice,Juices
Sweet Lime juice,Juices
Sweet Pepper juice,Juices
Tachibana Orange juice,Juices
Tamarillo juice,Juices
Tamarind juice,Juices
Tangelo juice,Juices
Tangerillo juice,Juices
Tangerine juice,Juices
Tangerinequat juice,Juices
Tangor juice,Juices
Tarap juice,Juices
Tarpan Strawberry juice,Juices
Tart Cherry juice,Juices
Tawa-Tawa juice,Juices
Tayberry juice,Juices
Tepin Pepper juice,Juices
Terap juice,Juices
Texas Persimmon juice,Juices
Thimbleberry juice,Juices
Thorn Apple juice,Juices
Thornberry juice,Juices
Thornless Blackberry juice,Juices
Thornless Loganberry juice,Juices
Thumbelina Apple juice,Juices
Tieguanyin juice,Juices
Tindora juice,Juices
Tomato Berry juice,Juices
Tomato Cherry juice,Juices
Tomato Plum juice,Juices
Tomato juice,Juices
Tompkins King Apple juice,Juices
Topaz Apple juice,Juices
Toronja juice,Juices
Torpedo Melon juice,Juices
Totapuri Mango juice,Juices
Tree Tomato juice,Juices
Tropical Apricot juice,Juices
Tucuma juice,Juices
Tuna Fruit juice,Juices
Tung Berry juice,Juices
Tungfruit juice,Juices
Ububese juice,Juices
Udara juice,Juices
Ugli Fruit juice,Juices
Ugni Blanc Grape juice,Juices
Ugni Molinae juice,Juices
Ugni juice,Juices
Ukranian Heart Tomato juice,Juices
Ula juice,Juices
Umari juice,Juices
Umbrafruit juice,Juices
Umbrella Squash juice,Juices
Umbu juice,Juices
Ume Plums juice,Juices
Ume juice,Juices
Urava juice,Juices
Usakhelauri juice,Juices
Usama juice,Juices
Utu juice,Juices
Uva Rara Grape juice,Juices
Uva Tosca Grape juice,Juices
Uvalino Grape juice,Juices
Uvaria juice,Juices
Uvilla juice,Juices
Vaccarese Grape juice,Juices
Valencia Orange Fruit juice,Juices
Valencia Pride Mango juice,Juices
Van Dyke Mango juice,Juices
Vanilla Fruit juice,Juices
Velvet Apple juice,Juices
Velvet Tamarind juice,Juices
Vernaccia Grape juice,Juices
Vespolina Grape juice,Juices
Vicar Of Winkfield Pear juice,Juices
Victoria Plum juice,Juices
Vitis Vinifera juice,Juices
Voavanga juice,Juices
Volkamer Lemon juice,Juices
Water Apple juice,Juices
Watermelon juice,Juices
Wax Gourd juice,Juices
White Aspen Fruit juice,Juices
White Currant juice,Juices
White Mulberry juice,Juices
White Sapote juice,Juices
Wintermelon juice,Juices
Wolf Berry juice,Juices
Wood Apple juice,Juices
Xanthium juice,Juices
Xaoy juice,Juices
Xarel·lo juice,Juices
Xiangjiao juice,Juices
Xigua juice,Juices
Xilacayota Squash juice,Juices
Ximenia juice,Juices
Xing Zi juice,Juices
Xinomavro juice,Juices
Xoconostle juice,Juices
Xoài juice,Juices
Xylocarpus Granatum juice,Juices
Yaca juice,Juices
Yali Pear juice,Juices
Yangmei Fruit juice,Juices
Yellow Dragon Fruit juice,Juices
Yellow Grape juice,Juices
Yellow Guava juice,Juices
Yellow Himalayan Raspberry juice,Juices
Yellow Passion Fruit juice,Juices
Yellow Pear Tomato juice,Juices
Yellow Plum juice,Juices
Yellow Sapote juice,Juices
Yellow Squash juice,Juices
Yellow Watermelon juice,Juices
Yemenite Citron juice,Juices
York Imperial Apple juice,Juices
Young Mango juice,Juices
Youngberry juice,Juices
Yumberry juice,Juices
Yunnan Hackberry Fruit juice,Juices
Yuzu juice,Juices
Zabergay Reinette Apple juice,Juices
Zalzalak juice,Juices
Zante Currant juice,Juices
Zarzamora juice,Juices
Zawngtah juice,Juices
Zebra Melon juice,Juices
Zhe Fruit juice,Juices
Ziga Zag Tree Vine juice,Juices
Zinfandel Grape juice,Juices
Ziziphus Jujube Fruit juice,Juices
Zucchini juice,Juices
Zwetschge juice,Juices
ALMOND OIL,Oils
CANOLA AND/OR SUNFLOWER OIL,Oils
COTTONSEED OIL,Oils
Flaxseed oil,Oils
GRAPESEED OIL,Oils
Garlic oil,Oils
Grape Seed Oil,Oils
HAZELNUT OIL,Oils
HIGH OLEIC SUNFLOWER OIL,Oils
HIGH-OLEIC SUNFLOWER OIL,Oils
MACADAMIA NUT OIL,Oils
MECHANICALLY (EXPELLER) PRESSED REFINED ORGANIC CANOLA OIL,Oils
NATURAL LEMON OIL,Oils
Non-GMO Expeller-Pressed Canola Oil,Oils
ORGANIC PALM OIL,Oils
ORGANIC SUNFLOWER OIL,Oils
PALM OIL,Oils
PISTACHIO OIL,Oils
PUMPKIN SEED OIL,Oils
Palm Kernel Oil,Oils
REFINED ALMOND OIL,Oils
REFINED ALMOND OIL,Oils
REFINED OLIVE OIL,Oils
RICE BRAN OIL,Oils
Rapeseed Oil,Oils
SAFFLOWER OIL,Oils
SESAME SEED OIL,Oils
SOY BEAN OIL,Oils
SUNFLOWER SEED OIL,Oils
WALNUT OIL,Oils
WASABI OIL,Oils
avocado oil,Oils
canola oil,Oils
coconut oil,Oils
corn oil,Oils
expeller pressed canola oil,Oils
expeller pressed palm oil,Oils
expeller pressed sunflower oil,Oils
hemp seed oil,Oils
low erucic acid rapeseed oil,Oils
olive oil,Oils
peanut oil,Oils
pork fat,Oils
sesame oil,Oils
soybean oil,Oils
sunflower oil,Oils
vegetable oil,Oils
BHA,Preservatives
BHT,Preservatives
RIND PRESERVATIVE,Preservatives
TBHQ,Preservatives
Almond Protein,Proteins
Almond Protein Concentrate,Proteins
Almond Protein Isolate,Proteins
Barley Protein,Proteins
Barley Protein Concentrate,Proteins
Barley Protein Isolate,Proteins
Beef Protein,Proteins
Beef Protein Concentrate,Proteins
Beef Protein Isolate,Proteins
Brewer's Spent Grain Protein,Proteins
Brewer's Spent Grain Protein Concentrate,Proteins
Brewer's Spent Grain Protein Isolate,Proteins
Brown Rice Protein Concentrate,Proteins
Camelina Protein,Proteins
Camelina Protein Concentrate,Proteins
Camelina Protein Isolate,Proteins
Casein (Milk) Protein,Proteins
Casein Protein Concentrate,Proteins
Casein Protein Isolate,Proteins
Chia Protein,Proteins
Chia Protein Concentrate,Proteins
Chia Protein Isolate,Proteins
Chicken Protein,Proteins
Chicken Protein Concentrate,Proteins
Chicken Protein Isolate,Proteins
Chickpea Protein,Proteins
Chickpea Protein Concentrate,Proteins
Chickpea Protein Isolate,Proteins
Collagen Protein,Proteins
Collagen Protein Concentrate,Proteins
Corn Protein (Zein),Proteins
Corn Protein Concentrate,Proteins
Corn Protein Isolate,Proteins
Cricket Protein (Insect),Proteins
Cricket Protein Concentrate,Proteins
Cricket Protein Isolate,Proteins
Egg White Protein,Proteins
Egg White Protein Concentrate,Proteins
Egg White Protein Isolate,Proteins
Fava Bean Protein,Proteins
Fava Bean Protein Concentrate,Proteins
Fava Bean Protein Isolate,Proteins
Fish Protein,Proteins
Fish Protein Concentrate,Proteins
Fish Protein Isolate,Proteins
Flaxseed Protein,Proteins
Flaxseed Protein Concentrate,Proteins
Flaxseed Protein Isolate,Proteins
Hemp Protein,Proteins
Hemp Protein Concentrate,Proteins
Hemp Protein Isolate,Proteins
Hydrolyzed Collagen Protein,Proteins
Lentil Protein,Proteins
Lentil Protein Concentrate,Proteins
Lentil Protein Isolate,Proteins
Mung Bean Protein,Proteins
Mung Bean Protein Concentrate,Proteins
Mung Bean Protein Isolate,Proteins
ORGANIC SUNFLOWER SEED PROTEIN,Proteins
Oat Protein,Proteins
Oat Protein Concentrate,Proteins
Oat Protein Isolate,Proteins
Pea Protein,Proteins
Pea Protein Concentrate,Proteins
Pea Protein Isolate,Proteins
Potato Protein,Proteins
Potato Protein Concentrate,Proteins
Potato Protein Isolate,Proteins
Pumpkin Seed Protein,Proteins
Pumpkin Seed Protein Concentrate,Proteins
Pumpkin Seed Protein Isolate,Proteins
Quinoa Protein,Proteins
Quinoa Protein Concentrate,Proteins
Quinoa Protein Isolate,Proteins
Rapeseed Protein Concentrate,Proteins
Rapeseed Protein Isolate,Proteins
Rapeseed/Canola Protein,Proteins
Rice Protein,Proteins
Rice Protein Isolate,Proteins
Sacha Inchi Protein,Proteins
Sacha Inchi Protein Concentrate,Proteins
Sacha Inchi Protein Isolate,Proteins
Salmon Protein,Proteins
Salmon Protein Concentrate,Proteins
Salmon Protein Isolate,Proteins
Sesame Protein,Proteins
Sesame Protein Concentrate,Proteins
Sesame Protein Isolate,Proteins
Soy Protein,Proteins
Soy Protein Concentrate,Proteins
Soy Protein Isolate,Proteins
Sunflower Protein Concentrate,Proteins
Sunflower Protein Isolate,Proteins
Sunflower Seed Protein,Proteins
Water Lentil (Duckweed) Protein,Proteins
Water Lentil Protein Concentrate,Proteins
Water Lentil Protein Isolate,Proteins
Whey Protein,Proteins
apple juice concentrate,Proteins
isolate,Proteins
orange juice concentrate,Proteins
whey protein concentrate,Proteins
whey protein isolate,Proteins
Amaranth Starch,Starches
Arrowroot Starch,Starches
Banana Starch,Starches
Barley Starch,Starches
CORN FLOUR,Starches
CORN MEAL,Starches
Cassava Starch,Starches
Chestnut Starch,Starches
Chickpea Starch,Starches
Enriched Cornmeal,Starches
Enriched White Flour,Starches
Faba Bean Starch,Starches
Kudzu Starch,Starches
Lentil Starch,Starches
Lotus Root Starch,Starches
MODIFIED TAPIOCA STARCH,Starches
Millet Starch,Starches
ORGANIC OAT FLOUR,Starches
Pea Starch,Starches
Pearled Farro flour,Starches
Plantain Starch,Starches
Potato Starch,Starches
Pueraria starch,Starches
Quinoa Starch,Starches
Rice Starch,Starches
Sago Starch,Starches
Sorghum Starch,Starches
Sweet Potato Starch,Starches
Tapioca starch,Starches
Taro Starch,Starches
UNBLEACHED WHEAT FLOUR,Starches
Unbleached Enriched Wheat Flour,Starches
WHEAT FLOUR,Starches
WHEATMEAL,Starches
Wheat Starch,Starches
barley flour,Starches
bulgur flour,Starches
corn flour,Starches
corn starch,Starches
enriched wheat flour,Starches
farro flour,Starches
native tapioca starch,Starches
oat flour,Starches
oatmeal,Starches
rice flour,Starches
rye flour,Starches
spelt flour,Starches
starch,Starches
topioca starch,Starches
Agave Syrup,Sweeteners
Agave nectar,Sweeteners
Allulose,Sweeteners
Apple Syrup,Sweeteners
Aronia Syrup,Sweeteners
Barbados Sugar,Sweeteners
Barley Malt Syrup,Sweeteners
Beet Sugar,Sweeteners
Birch Sugar,Sweeteners
Birch Syrup,Sweeteners
Brown Rice Syrup,Sweeteners
Brown sugar,Sweeteners
Cane Syrup,Sweeteners
Caramel Syrup,Sweeteners
Carob Syrup,Sweeteners
Cassava Syrup,Sweeteners
Castor Sugar,Sweeteners
Coconut Palm Sugar,Sweeteners
Coconut Syrup,Sweeteners
Coconut sugar,Sweeteners
Confectioner's sugar,Sweeteners
Corn syrup,Sweeteners
Dandelion Syrup,Sweeteners
Date Syrup,Sweeteners
Date sugar,Sweeteners
Demerara sugar,Sweeteners
Dextrose,Sweeteners
Evaporated cane sugar,Sweeteners
Fructose,Sweeteners
Fruit Syrup,Sweeteners
Fruit sugar,Sweeteners
Glucose,Sweeteners
Glucose Syrup,Sweeteners
Golden Syrup,Sweeteners
Grape Syrup,Sweeteners
High Fructose Corn Syrup,Sweeteners
High Maltose Corn Syrup,Sweeteners
High-Fructose Corn Syrup,Sweeteners
High-fructose corn syrup (HFCS),Sweeteners
Honey,Sweeteners
Invert sugar,Sweeteners
Karo Syrup,Sweeteners
Lyle's Golden Syrup,Sweeteners
Maguey Syrup,Sweeteners
Malt Syrup,Sweeteners
Malt sugar,Sweeteners
Maltose,Sweeteners
Maple Sugar,Sweeteners
Maple syrup,Sweeteners
Milk sugar,Sweeteners
Mulberry Syrup,Sweeteners
Muscovado sugar,Sweeteners
Oligofructose,Sweeteners
Palm sugar,Sweeteners
Pine Syrup,Sweeteners
Powdered (Confectioners) Sugar,Sweeteners
Powdered sugar,Sweeteners
Rapadura Sugar,Sweeteners
Raw sugar,Sweeteners
Rice Malt Syrup,Sweeteners
Rice Syrup,Sweeteners
Simple Syrup,Sweeteners
Sorghum Syrup,Sweeteners
Stevia,Sweeteners
Sucrose,Sweeteners
Sugar,Sweeteners
Sweet Potato Syrup,Sweeteners
Table Sugar,Sweeteners
Tapioca Syrup,Sweeteners
Turbinado sugar,Sweeteners
Vanilla Syrup,Sweeteners
Yacon Syrup,Sweeteners
cane sugar,Sweeteners
coconut nectar,Sweeteners
invert cane sugar,Sweeteners
organic cane sugar,Sweeteners
polydextrose,Sweeteners
syrup,Sweeteners
mixed tocopherol,Vitamins
tocopherol,Vitamins
vitamin,Vitamins
